{
  "Line (2- Steinberg UR22mkII )|fs=48000|ch=2": 168.7076466175423,
  "Line (2- Steinberg UR22mkII )|fs=48000|chIdx=2": 110.36107718338062
}